-- --------------------------------------------------------
-- Host:                         127.0.0.1
-- Wersja serwera:               5.7.24-0ubuntu0.18.10.1 - (Ubuntu)
-- Serwer OS:                    Linux
-- HeidiSQL Wersja:              9.5.0.5293
-- --------------------------------------------------------

/*!40101 SET @OLD_CHARACTER_SET_CLIENT=@@CHARACTER_SET_CLIENT */;
/*!40101 SET NAMES utf8 */;
/*!50503 SET NAMES utf8mb4 */;
/*!40014 SET @OLD_FOREIGN_KEY_CHECKS=@@FOREIGN_KEY_CHECKS, FOREIGN_KEY_CHECKS=0 */;
/*!40101 SET @OLD_SQL_MODE=@@SQL_MODE, SQL_MODE='NO_AUTO_VALUE_ON_ZERO' */;


-- Zrzut struktury bazy danych lessons_plans
DROP DATABASE IF EXISTS `lessons_plans`;
CREATE DATABASE IF NOT EXISTS `lessons_plans` /*!40100 DEFAULT CHARACTER SET utf8mb4 */;
USE `lessons_plans`;

-- Zrzut struktury tabela lessons_plans.hours
DROP TABLE IF EXISTS `hours`;
CREATE TABLE IF NOT EXISTS `hours` (
  `id` int(10) unsigned NOT NULL AUTO_INCREMENT,
  `start` time NOT NULL,
  `end` time NOT NULL,
  PRIMARY KEY (`id`)
) ENGINE=InnoDB DEFAULT CHARSET=utf8;

-- Zrzucanie danych dla tabeli lessons_plans.hours: ~12 rows (około)
DELETE FROM `hours`;
/*!40000 ALTER TABLE `hours` DISABLE KEYS */;
INSERT INTO `hours` (`id`, `start`, `end`) VALUES
	(1, '08:00:00', '08:45:00'),
	(2, '08:45:00', '08:45:00'),
	(3, '09:30:00', '10:15:00'),
	(4, '10:30:00', '11:15:00'),
	(5, '11:15:00', '12:00:00'),
	(6, '12:00:00', '12:45:00'),
	(7, '13:15:00', '14:00:00'),
	(8, '14:00:00', '14:45:00'),
	(9, '14:45:00', '15:30:00'),
	(10, '15:30:00', '16:15:00'),
	(11, '16:30:00', '17:15:00'),
	(12, '17:15:00', '18:00:00');
/*!40000 ALTER TABLE `hours` ENABLE KEYS */;

-- Zrzut struktury tabela lessons_plans.lessons
DROP TABLE IF EXISTS `lessons`;
CREATE TABLE IF NOT EXISTS `lessons` (
  `id` int(10) unsigned NOT NULL AUTO_INCREMENT,
  `meeting_id` int(10) unsigned NOT NULL,
  `hour_id` int(10) unsigned NOT NULL,
  `subject_id` int(10) unsigned NOT NULL,
  PRIMARY KEY (`id`),
  KEY `FK_lessons_hours` (`hour_id`),
  KEY `FK_lessons_subjects` (`subject_id`),
  KEY `FK_lessons_meetings` (`meeting_id`),
  CONSTRAINT `FK_lessons_hours` FOREIGN KEY (`hour_id`) REFERENCES `hours` (`id`) ON DELETE NO ACTION ON UPDATE NO ACTION,
  CONSTRAINT `FK_lessons_meetings` FOREIGN KEY (`meeting_id`) REFERENCES `meetings` (`id`) ON DELETE CASCADE,
  CONSTRAINT `FK_lessons_subjects` FOREIGN KEY (`subject_id`) REFERENCES `subjects` (`id`) ON DELETE NO ACTION ON UPDATE NO ACTION
) ENGINE=InnoDB DEFAULT CHARSET=utf8;

-- Zrzucanie danych dla tabeli lessons_plans.lessons: ~735 rows (około)
DELETE FROM `lessons`;
/*!40000 ALTER TABLE `lessons` DISABLE KEYS */;
INSERT INTO `lessons` (`id`, `meeting_id`, `hour_id`, `subject_id`) VALUES
	(1, 1, 11, 3),
	(2, 1, 12, 3),
	(3, 2, 1, 8),
	(4, 2, 2, 8),
	(5, 2, 3, 8),
	(6, 2, 4, 8),
	(7, 2, 5, 8),
	(8, 2, 6, 8),
	(9, 2, 7, 3),
	(10, 2, 8, 3),
	(11, 2, 9, 3),
	(12, 2, 10, 3),
	(13, 2, 11, 3),
	(14, 2, 12, 3),
	(15, 3, 1, 8),
	(16, 3, 2, 8),
	(17, 3, 3, 8),
	(18, 3, 4, 8),
	(19, 3, 5, 3),
	(20, 3, 6, 3),
	(21, 3, 7, 3),
	(22, 3, 8, 3),
	(23, 4, 1, 8),
	(24, 4, 2, 8),
	(25, 4, 3, 8),
	(26, 4, 4, 8),
	(27, 4, 5, 8),
	(28, 4, 6, 8),
	(29, 4, 7, 3),
	(30, 4, 8, 3),
	(31, 4, 9, 3),
	(32, 4, 10, 3),
	(33, 4, 11, 3),
	(34, 4, 12, 3),
	(35, 5, 1, 8),
	(36, 5, 2, 8),
	(37, 5, 3, 8),
	(38, 5, 4, 8),
	(39, 5, 5, 3),
	(40, 5, 6, 3),
	(41, 5, 7, 3),
	(42, 5, 8, 3),
	(43, 6, 1, 1),
	(44, 6, 2, 1),
	(45, 6, 3, 1),
	(46, 6, 4, 1),
	(47, 6, 5, 1),
	(48, 6, 6, 1),
	(49, 6, 7, 1),
	(50, 6, 8, 1),
	(51, 6, 9, 1),
	(52, 6, 10, 1),
	(53, 6, 11, 1),
	(54, 6, 12, 1),
	(55, 7, 1, 1),
	(56, 7, 2, 1),
	(57, 7, 3, 1),
	(58, 7, 4, 1),
	(59, 7, 5, 1),
	(60, 7, 6, 1),
	(61, 7, 7, 2),
	(62, 7, 8, 2),
	(63, 7, 9, 2),
	(64, 7, 10, 2),
	(65, 7, 11, 2),
	(66, 7, 12, 2),
	(67, 8, 1, 1),
	(68, 8, 2, 1),
	(69, 8, 3, 1),
	(70, 8, 4, 1),
	(71, 8, 5, 1),
	(72, 8, 6, 2),
	(73, 8, 7, 2),
	(74, 8, 8, 2),
	(75, 8, 9, 2),
	(76, 8, 10, 2),
	(77, 9, 1, 1),
	(78, 9, 2, 1),
	(79, 9, 3, 1),
	(80, 9, 4, 1),
	(81, 9, 5, 1),
	(82, 9, 6, 1),
	(83, 9, 7, 2),
	(84, 9, 8, 2),
	(85, 9, 9, 2),
	(86, 9, 10, 2),
	(87, 9, 11, 2),
	(88, 9, 12, 2),
	(89, 10, 1, 1),
	(90, 10, 2, 1),
	(91, 10, 3, 1),
	(92, 10, 4, 1),
	(93, 10, 5, 1),
	(94, 10, 6, 1),
	(95, 10, 7, 2),
	(96, 10, 8, 2),
	(97, 10, 9, 2),
	(98, 10, 10, 2),
	(99, 10, 11, 2),
	(100, 10, 12, 2),
	(101, 11, 1, 1),
	(102, 11, 2, 1),
	(103, 11, 3, 1),
	(104, 11, 4, 1),
	(105, 11, 5, 1),
	(106, 11, 6, 2),
	(107, 11, 7, 2),
	(108, 11, 8, 2),
	(109, 11, 9, 2),
	(110, 11, 10, 2),
	(111, 12, 1, 1),
	(112, 12, 2, 1),
	(113, 12, 3, 1),
	(114, 12, 4, 1),
	(115, 12, 5, 1),
	(116, 12, 6, 1),
	(117, 12, 7, 2),
	(118, 12, 8, 2),
	(119, 12, 9, 2),
	(120, 12, 10, 2),
	(121, 12, 11, 2),
	(122, 12, 12, 2),
	(123, 13, 1, 1),
	(124, 13, 2, 1),
	(125, 13, 3, 1),
	(126, 13, 4, 1),
	(127, 13, 5, 1),
	(128, 13, 6, 2),
	(129, 13, 7, 2),
	(130, 13, 8, 2),
	(131, 13, 9, 6),
	(132, 13, 10, 6),
	(133, 14, 1, 1),
	(134, 14, 2, 1),
	(135, 14, 3, 1),
	(136, 14, 4, 1),
	(137, 14, 5, 1),
	(138, 14, 6, 2),
	(139, 14, 7, 2),
	(140, 14, 8, 2),
	(141, 14, 9, 2),
	(142, 14, 10, 4),
	(143, 14, 11, 4),
	(144, 14, 12, 4),
	(145, 14, 10, 5),
	(146, 14, 11, 5),
	(147, 14, 12, 5),
	(148, 15, 1, 1),
	(149, 15, 2, 1),
	(150, 15, 3, 1),
	(151, 15, 4, 1),
	(152, 15, 5, 2),
	(153, 15, 6, 2),
	(154, 15, 7, 2),
	(155, 15, 8, 2),
	(156, 15, 9, 6),
	(157, 15, 10, 6),
	(158, 15, 11, 6),
	(159, 15, 10, 7),
	(160, 15, 11, 7),
	(161, 15, 12, 7),
	(162, 16, 1, 2),
	(163, 16, 2, 2),
	(164, 16, 3, 2),
	(165, 16, 4, 4),
	(166, 16, 5, 4),
	(167, 16, 6, 4),
	(168, 16, 7, 4),
	(169, 16, 4, 5),
	(170, 16, 5, 5),
	(171, 16, 6, 5),
	(172, 16, 7, 5),
	(173, 16, 8, 6),
	(174, 16, 9, 6),
	(175, 16, 10, 6),
	(176, 16, 11, 6),
	(177, 16, 12, 6),
	(178, 16, 8, 7),
	(179, 16, 9, 7),
	(180, 16, 10, 7),
	(181, 16, 11, 7),
	(182, 17, 1, 2),
	(183, 17, 2, 2),
	(184, 17, 3, 2),
	(185, 17, 4, 4),
	(186, 17, 5, 4),
	(187, 17, 6, 4),
	(188, 17, 7, 4),
	(189, 17, 8, 6),
	(190, 17, 9, 6),
	(191, 17, 10, 6),
	(192, 17, 4, 5),
	(193, 17, 5, 5),
	(194, 17, 6, 5),
	(195, 17, 7, 5),
	(196, 17, 8, 7),
	(197, 17, 9, 7),
	(198, 17, 10, 7),
	(199, 18, 1, 2),
	(200, 18, 2, 2),
	(201, 18, 3, 2),
	(202, 18, 4, 4),
	(203, 18, 5, 4),
	(204, 18, 6, 4),
	(205, 18, 7, 4),
	(206, 18, 8, 6),
	(207, 18, 9, 6),
	(208, 18, 10, 6),
	(209, 18, 11, 6),
	(210, 18, 12, 6),
	(211, 18, 4, 5),
	(212, 18, 5, 5),
	(213, 18, 6, 5),
	(214, 18, 7, 5),
	(215, 18, 8, 7),
	(216, 18, 9, 7),
	(217, 18, 10, 7),
	(218, 18, 11, 7),
	(219, 18, 12, 7),
	(220, 19, 1, 2),
	(221, 19, 2, 2),
	(222, 19, 3, 2),
	(223, 19, 4, 4),
	(224, 19, 5, 4),
	(225, 19, 6, 4),
	(226, 19, 7, 4),
	(227, 19, 8, 4),
	(228, 19, 9, 6),
	(229, 19, 10, 6),
	(230, 19, 11, 6),
	(231, 19, 12, 6),
	(232, 19, 4, 5),
	(233, 19, 5, 5),
	(234, 19, 6, 5),
	(235, 19, 7, 5),
	(236, 19, 8, 5),
	(237, 19, 9, 7),
	(238, 19, 10, 7),
	(239, 19, 11, 7),
	(240, 19, 12, 7),
	(241, 20, 1, 2),
	(242, 20, 2, 2),
	(243, 20, 3, 2),
	(244, 20, 4, 4),
	(245, 20, 5, 4),
	(246, 20, 6, 4),
	(247, 20, 7, 4),
	(248, 20, 8, 6),
	(249, 20, 9, 6),
	(250, 20, 10, 6),
	(251, 20, 4, 5),
	(252, 20, 5, 5),
	(253, 20, 6, 5),
	(254, 20, 7, 5),
	(255, 20, 8, 7),
	(256, 20, 9, 7),
	(257, 20, 10, 7),
	(258, 21, 1, 4),
	(259, 21, 2, 4),
	(260, 21, 3, 4),
	(261, 21, 4, 4),
	(262, 21, 5, 4),
	(263, 21, 6, 4),
	(264, 21, 7, 4),
	(265, 21, 8, 4),
	(266, 21, 9, 8),
	(267, 21, 10, 8),
	(268, 21, 11, 3),
	(269, 21, 12, 3),
	(270, 21, 1, 5),
	(271, 21, 2, 5),
	(272, 21, 3, 5),
	(273, 21, 4, 5),
	(274, 21, 5, 7),
	(275, 21, 6, 7),
	(276, 21, 7, 7),
	(277, 21, 8, 7),
	(278, 22, 1, 8),
	(279, 22, 2, 8),
	(280, 22, 3, 8),
	(281, 22, 4, 8),
	(282, 22, 5, 8),
	(283, 22, 6, 8),
	(284, 22, 7, 3),
	(285, 22, 8, 3),
	(286, 22, 9, 3),
	(287, 23, 1, 4),
	(288, 23, 2, 4),
	(289, 23, 3, 4),
	(290, 23, 4, 4),
	(291, 23, 5, 4),
	(292, 23, 6, 4),
	(293, 23, 7, 6),
	(294, 23, 8, 6),
	(295, 23, 9, 6),
	(296, 23, 10, 6),
	(297, 23, 11, 6),
	(298, 23, 12, 6),
	(299, 23, 1, 5),
	(300, 23, 2, 5),
	(301, 23, 3, 5),
	(302, 23, 4, 5),
	(303, 23, 5, 5),
	(304, 23, 6, 5),
	(305, 23, 7, 7),
	(306, 23, 8, 7),
	(307, 23, 9, 7),
	(308, 23, 10, 7),
	(309, 23, 11, 7),
	(310, 23, 12, 7),
	(311, 24, 1, 4),
	(312, 24, 2, 4),
	(313, 24, 3, 4),
	(314, 24, 4, 4),
	(315, 24, 5, 4),
	(316, 24, 6, 6),
	(317, 24, 7, 6),
	(318, 24, 8, 6),
	(319, 24, 9, 6),
	(320, 24, 10, 6),
	(321, 24, 1, 5),
	(322, 24, 2, 5),
	(323, 24, 3, 5),
	(324, 24, 4, 5),
	(325, 24, 5, 5),
	(326, 24, 6, 7),
	(327, 24, 7, 7),
	(328, 24, 8, 7),
	(329, 24, 9, 7),
	(330, 24, 10, 7),
	(331, 25, 1, 4),
	(332, 25, 2, 4),
	(333, 25, 3, 4),
	(334, 25, 4, 4),
	(335, 25, 5, 4),
	(336, 25, 6, 4),
	(337, 25, 7, 6),
	(338, 25, 8, 6),
	(339, 25, 9, 6),
	(340, 25, 10, 6),
	(341, 25, 11, 6),
	(342, 25, 12, 6),
	(343, 25, 1, 5),
	(344, 25, 2, 5),
	(345, 25, 3, 5),
	(346, 25, 4, 5),
	(347, 25, 5, 5),
	(348, 25, 6, 5),
	(349, 25, 7, 7),
	(350, 25, 8, 7),
	(351, 25, 9, 7),
	(352, 25, 10, 7),
	(353, 25, 11, 7),
	(354, 25, 12, 7),
	(355, 26, 1, 4),
	(356, 26, 2, 4),
	(357, 26, 3, 4),
	(358, 26, 4, 4),
	(359, 26, 5, 4),
	(360, 26, 6, 6),
	(361, 26, 7, 6),
	(362, 26, 8, 6),
	(363, 26, 9, 6),
	(364, 26, 10, 6),
	(365, 26, 1, 5),
	(366, 26, 2, 5),
	(367, 26, 3, 5),
	(368, 26, 4, 5),
	(369, 26, 5, 5),
	(370, 26, 6, 7),
	(371, 26, 7, 7),
	(372, 26, 8, 7),
	(373, 26, 9, 7),
	(374, 26, 10, 7),
	(375, 27, 1, 4),
	(376, 27, 2, 4),
	(377, 27, 3, 4),
	(378, 27, 4, 4),
	(379, 27, 5, 4),
	(380, 27, 6, 4),
	(381, 27, 7, 6),
	(382, 27, 8, 6),
	(383, 27, 9, 6),
	(384, 27, 10, 6),
	(385, 27, 11, 6),
	(386, 27, 12, 6),
	(387, 27, 1, 5),
	(388, 27, 2, 5),
	(389, 27, 3, 5),
	(390, 27, 4, 5),
	(391, 27, 5, 5),
	(392, 27, 6, 5),
	(393, 27, 7, 7),
	(394, 27, 8, 7),
	(395, 27, 9, 7),
	(396, 27, 10, 7),
	(397, 27, 11, 7),
	(398, 27, 12, 7),
	(399, 28, 1, 4),
	(400, 28, 2, 4),
	(401, 28, 3, 4),
	(402, 28, 4, 4),
	(403, 28, 5, 4),
	(404, 28, 6, 6),
	(405, 28, 7, 6),
	(406, 28, 8, 6),
	(407, 28, 9, 6),
	(408, 28, 10, 6),
	(409, 28, 1, 5),
	(410, 28, 2, 5),
	(411, 28, 3, 5),
	(412, 28, 4, 5),
	(413, 28, 5, 5),
	(414, 28, 6, 7),
	(415, 28, 7, 7),
	(416, 28, 8, 7),
	(417, 28, 9, 7),
	(418, 28, 10, 7),
	(419, 29, 1, 4),
	(420, 29, 2, 4),
	(421, 29, 3, 4),
	(422, 29, 4, 4),
	(423, 29, 5, 4),
	(424, 29, 6, 4),
	(425, 29, 7, 6),
	(426, 29, 8, 6),
	(427, 29, 9, 6),
	(428, 29, 10, 6),
	(429, 29, 11, 6),
	(430, 29, 12, 6),
	(431, 29, 1, 5),
	(432, 29, 2, 5),
	(433, 29, 3, 5),
	(434, 29, 4, 5),
	(435, 29, 5, 5),
	(436, 29, 6, 5),
	(437, 29, 7, 7),
	(438, 29, 8, 7),
	(439, 29, 9, 7),
	(440, 29, 10, 7),
	(441, 29, 11, 7),
	(442, 29, 12, 7),
	(443, 30, 1, 4),
	(444, 30, 2, 4),
	(445, 30, 3, 4),
	(446, 30, 4, 4),
	(447, 30, 5, 4),
	(448, 30, 6, 6),
	(449, 30, 7, 6),
	(450, 30, 8, 6),
	(451, 30, 9, 6),
	(452, 30, 10, 6),
	(453, 30, 1, 5),
	(454, 30, 2, 5),
	(455, 30, 3, 5),
	(456, 30, 4, 5),
	(457, 30, 5, 5),
	(458, 30, 6, 7),
	(459, 30, 7, 7),
	(460, 30, 8, 7),
	(461, 30, 9, 7),
	(462, 30, 10, 7),
	(463, 31, 1, 4),
	(464, 31, 2, 4),
	(465, 31, 3, 4),
	(466, 31, 4, 4),
	(467, 31, 5, 4),
	(468, 31, 6, 4),
	(469, 31, 7, 6),
	(470, 31, 8, 6),
	(471, 31, 9, 6),
	(472, 31, 10, 6),
	(473, 31, 11, 6),
	(474, 31, 12, 6),
	(475, 31, 1, 5),
	(476, 31, 2, 5),
	(477, 31, 3, 5),
	(478, 31, 4, 5),
	(479, 31, 5, 5),
	(480, 31, 6, 5),
	(481, 31, 7, 7),
	(482, 31, 8, 7),
	(483, 31, 9, 7),
	(484, 31, 10, 7),
	(485, 31, 11, 7),
	(486, 31, 12, 7),
	(487, 32, 1, 4),
	(488, 32, 2, 4),
	(489, 32, 3, 4),
	(490, 32, 4, 4),
	(491, 32, 5, 4),
	(492, 32, 6, 6),
	(493, 32, 7, 6),
	(494, 32, 8, 6),
	(495, 32, 9, 6),
	(496, 32, 10, 6),
	(497, 32, 1, 5),
	(498, 32, 2, 5),
	(499, 32, 3, 5),
	(500, 32, 4, 5),
	(501, 32, 5, 5),
	(502, 32, 6, 7),
	(503, 32, 7, 7),
	(504, 32, 8, 7),
	(505, 32, 9, 7),
	(506, 32, 10, 7),
	(507, 32, 11, 7),
	(508, 33, 1, 4),
	(509, 33, 2, 4),
	(510, 33, 3, 4),
	(511, 33, 4, 4),
	(512, 33, 5, 4),
	(513, 33, 6, 4),
	(514, 33, 7, 6),
	(515, 33, 8, 6),
	(516, 33, 9, 6),
	(517, 33, 10, 6),
	(518, 33, 11, 6),
	(519, 33, 12, 6),
	(520, 33, 1, 5),
	(521, 33, 2, 5),
	(522, 33, 3, 5),
	(523, 33, 4, 5),
	(524, 33, 5, 5),
	(525, 33, 6, 5),
	(526, 33, 7, 7),
	(527, 33, 8, 7),
	(528, 33, 9, 7),
	(529, 33, 10, 7),
	(530, 33, 11, 7),
	(531, 33, 12, 7),
	(532, 34, 1, 4),
	(533, 34, 2, 4),
	(534, 34, 3, 4),
	(535, 34, 4, 4),
	(536, 34, 5, 4),
	(537, 34, 6, 4),
	(538, 34, 7, 6),
	(539, 34, 8, 6),
	(540, 34, 9, 6),
	(541, 34, 10, 6),
	(542, 34, 11, 6),
	(543, 34, 1, 5),
	(544, 34, 2, 5),
	(545, 34, 3, 5),
	(546, 34, 4, 5),
	(547, 34, 5, 5),
	(548, 34, 6, 7),
	(549, 34, 7, 7),
	(550, 34, 8, 7),
	(551, 34, 9, 7),
	(552, 34, 10, 7),
	(553, 35, 1, 4),
	(554, 35, 2, 4),
	(555, 35, 3, 4),
	(556, 35, 4, 4),
	(557, 35, 5, 4),
	(558, 35, 6, 4),
	(559, 35, 7, 6),
	(560, 35, 8, 6),
	(561, 35, 9, 6),
	(562, 35, 10, 6),
	(563, 35, 11, 6),
	(564, 35, 12, 6),
	(565, 35, 1, 5),
	(566, 35, 2, 5),
	(567, 35, 3, 5),
	(568, 35, 4, 5),
	(569, 35, 5, 5),
	(570, 35, 6, 5),
	(571, 35, 7, 7),
	(572, 35, 8, 7),
	(573, 35, 9, 7),
	(574, 35, 10, 7),
	(575, 35, 11, 7),
	(576, 35, 12, 7),
	(577, 36, 1, 4),
	(578, 36, 2, 4),
	(579, 36, 3, 4),
	(580, 36, 4, 4),
	(581, 36, 5, 4),
	(582, 36, 6, 6),
	(583, 36, 7, 6),
	(584, 36, 8, 6),
	(585, 36, 9, 6),
	(586, 36, 10, 6),
	(587, 36, 1, 5),
	(588, 36, 2, 5),
	(589, 36, 3, 5),
	(590, 36, 4, 5),
	(591, 36, 5, 5),
	(592, 36, 6, 7),
	(593, 36, 7, 7),
	(594, 36, 8, 7),
	(595, 36, 9, 7),
	(596, 36, 10, 7),
	(597, 36, 11, 7),
	(598, 37, 1, 4),
	(599, 37, 2, 4),
	(600, 37, 3, 4),
	(601, 37, 4, 4),
	(602, 37, 5, 4),
	(603, 37, 6, 4),
	(604, 37, 7, 6),
	(605, 37, 8, 6),
	(606, 37, 9, 6),
	(607, 37, 10, 6),
	(608, 37, 11, 6),
	(609, 37, 12, 6),
	(610, 37, 1, 5),
	(611, 37, 2, 5),
	(612, 37, 3, 5),
	(613, 37, 4, 5),
	(614, 37, 5, 5),
	(615, 37, 6, 5),
	(616, 37, 7, 7),
	(617, 37, 8, 7),
	(618, 37, 9, 7),
	(619, 37, 10, 7),
	(620, 37, 11, 7),
	(621, 37, 12, 7),
	(622, 38, 1, 4),
	(623, 38, 2, 4),
	(624, 38, 3, 4),
	(625, 38, 4, 4),
	(626, 38, 5, 4),
	(627, 38, 6, 4),
	(628, 38, 7, 6),
	(629, 38, 8, 6),
	(630, 38, 9, 6),
	(631, 38, 10, 6),
	(632, 38, 11, 6),
	(633, 38, 1, 5),
	(634, 38, 2, 5),
	(635, 38, 3, 5),
	(636, 38, 4, 5),
	(637, 38, 5, 5),
	(638, 38, 6, 7),
	(639, 38, 7, 7),
	(640, 38, 8, 7),
	(641, 38, 9, 7),
	(642, 38, 10, 7),
	(643, 39, 1, 4),
	(644, 39, 2, 4),
	(645, 39, 3, 4),
	(646, 39, 4, 4),
	(647, 39, 5, 4),
	(648, 39, 6, 4),
	(649, 39, 7, 6),
	(650, 39, 8, 6),
	(651, 39, 9, 6),
	(652, 39, 10, 6),
	(653, 39, 11, 6),
	(654, 39, 12, 6),
	(655, 39, 1, 5),
	(656, 39, 2, 5),
	(657, 39, 3, 5),
	(658, 39, 4, 5),
	(659, 39, 5, 5),
	(660, 39, 6, 5),
	(661, 39, 7, 7),
	(662, 39, 8, 7),
	(663, 39, 9, 7),
	(664, 39, 10, 7),
	(665, 39, 11, 7),
	(666, 39, 12, 7),
	(667, 40, 1, 4),
	(668, 40, 2, 4),
	(669, 40, 3, 4),
	(670, 40, 4, 4),
	(671, 40, 5, 4),
	(672, 40, 6, 4),
	(673, 40, 7, 6),
	(674, 40, 8, 6),
	(675, 40, 9, 6),
	(676, 40, 10, 6),
	(677, 40, 11, 6),
	(678, 40, 1, 5),
	(679, 40, 2, 5),
	(680, 40, 3, 5),
	(681, 40, 4, 5),
	(682, 40, 5, 5),
	(683, 40, 6, 5),
	(684, 40, 7, 7),
	(685, 40, 8, 7),
	(686, 40, 9, 7),
	(687, 40, 10, 7),
	(688, 40, 11, 7),
	(689, 40, 12, 7),
	(690, 41, 1, 4),
	(691, 41, 2, 4),
	(692, 41, 3, 4),
	(693, 41, 4, 4),
	(694, 41, 5, 4),
	(695, 41, 6, 4),
	(696, 41, 7, 6),
	(697, 41, 8, 6),
	(698, 41, 9, 6),
	(699, 41, 10, 6),
	(700, 41, 11, 6),
	(701, 41, 12, 6),
	(702, 41, 1, 5),
	(703, 41, 2, 5),
	(704, 41, 3, 5),
	(705, 41, 4, 5),
	(706, 41, 5, 5),
	(707, 41, 6, 5),
	(708, 41, 7, 7),
	(709, 41, 8, 7),
	(710, 41, 9, 7),
	(711, 41, 10, 7),
	(712, 41, 11, 7),
	(713, 41, 12, 7),
	(714, 42, 1, 6),
	(715, 42, 2, 6),
	(716, 42, 3, 6),
	(717, 42, 4, 6),
	(718, 42, 5, 6),
	(719, 42, 6, 6),
	(720, 42, 7, 6),
	(721, 42, 8, 6),
	(722, 42, 9, 6),
	(723, 42, 10, 6),
	(724, 42, 1, 5),
	(725, 42, 2, 5),
	(726, 42, 3, 5),
	(727, 42, 4, 5),
	(728, 42, 5, 5),
	(729, 42, 6, 5),
	(730, 42, 7, 7),
	(731, 42, 8, 7),
	(732, 42, 9, 7),
	(733, 42, 10, 7),
	(734, 42, 11, 7),
	(735, 42, 12, 7);
/*!40000 ALTER TABLE `lessons` ENABLE KEYS */;

-- Zrzut struktury tabela lessons_plans.meetings
DROP TABLE IF EXISTS `meetings`;
CREATE TABLE IF NOT EXISTS `meetings` (
  `id` int(10) unsigned NOT NULL AUTO_INCREMENT,
  `date` date NOT NULL,
  PRIMARY KEY (`id`)
) ENGINE=InnoDB DEFAULT CHARSET=utf8;

-- Zrzucanie danych dla tabeli lessons_plans.meetings: ~42 rows (około)
DELETE FROM `meetings`;
/*!40000 ALTER TABLE `meetings` DISABLE KEYS */;
INSERT INTO `meetings` (`id`, `date`) VALUES
	(1, '2018-09-15'),
	(2, '2018-09-22'),
	(3, '2018-09-23'),
	(4, '2018-09-29'),
	(5, '2018-09-30'),
	(6, '2018-10-20'),
	(7, '2018-10-27'),
	(8, '2018-10-28'),
	(9, '2018-11-10'),
	(10, '2018-11-24'),
	(11, '2018-11-25'),
	(12, '2018-12-01'),
	(13, '2018-12-02'),
	(14, '2018-12-15'),
	(15, '2018-12-16'),
	(16, '2018-12-29'),
	(17, '2018-12-30'),
	(18, '2019-01-05'),
	(19, '2019-01-12'),
	(20, '2019-01-13'),
	(21, '2019-01-19'),
	(22, '2019-01-20'),
	(23, '2019-01-26'),
	(24, '2019-01-27'),
	(25, '2019-02-02'),
	(26, '2019-02-03'),
	(27, '2019-02-16'),
	(28, '2019-02-17'),
	(29, '2019-02-23'),
	(30, '2019-02-24'),
	(31, '2019-03-02'),
	(32, '2019-03-03'),
	(33, '2019-03-16'),
	(34, '2019-03-17'),
	(35, '2019-03-30'),
	(36, '2019-03-31'),
	(37, '2019-04-06'),
	(38, '2019-04-07'),
	(39, '2019-04-27'),
	(40, '2019-04-28'),
	(41, '2019-05-11'),
	(42, '2019-05-12');
/*!40000 ALTER TABLE `meetings` ENABLE KEYS */;

-- Zrzut struktury tabela lessons_plans.subjects
DROP TABLE IF EXISTS `subjects`;
CREATE TABLE IF NOT EXISTS `subjects` (
  `id` int(10) unsigned NOT NULL AUTO_INCREMENT,
  `name` varchar(100) NOT NULL,
  `teacher_id` int(10) unsigned NOT NULL,
  PRIMARY KEY (`id`),
  KEY `FK_subjects_teachers` (`teacher_id`),
  CONSTRAINT `FK_subjects_teachers` FOREIGN KEY (`teacher_id`) REFERENCES `teachers` (`id`) ON DELETE NO ACTION ON UPDATE NO ACTION
) ENGINE=InnoDB DEFAULT CHARSET=utf8;

-- Zrzucanie danych dla tabeli lessons_plans.subjects: ~8 rows (około)
DELETE FROM `subjects`;
/*!40000 ALTER TABLE `subjects` DISABLE KEYS */;
INSERT INTO `subjects` (`id`, `name`, `teacher_id`) VALUES
	(1, 'WITRYNY I APLIKACJE INTERNETOWE', 1),
	(2, 'SYSTEMY BAZ DANYCH', 2),
	(3, 'DZIAŁALNOŚĆ GOSPODARCZA W BRANŻY INFORMATYCZNEJ', 3),
	(4, 'ADMINISTRACJA BAZAMI DANYCH grupa 1', 2),
	(5, 'ADMINISTRACJA BAZAMI DANYCH grupa 2', 4),
	(6, 'PROGRAMOWANIE APLIKACJI INTERNETOWYCH grupa 1', 1),
	(7, 'PROGRAMOWANIE APLIKACJI INTERNETOWYCH grupa 2', 5),
	(8, 'JĘZYK ANGIELSKI ZAWODOWY W BRANŻY INFORMATYCZNEJ ', 6);
/*!40000 ALTER TABLE `subjects` ENABLE KEYS */;

-- Zrzut struktury tabela lessons_plans.teachers
DROP TABLE IF EXISTS `teachers`;
CREATE TABLE IF NOT EXISTS `teachers` (
  `id` int(10) unsigned NOT NULL AUTO_INCREMENT,
  `full_name` varchar(50) NOT NULL,
  PRIMARY KEY (`id`)
) ENGINE=InnoDB DEFAULT CHARSET=utf8;

-- Zrzucanie danych dla tabeli lessons_plans.teachers: ~6 rows (około)
DELETE FROM `teachers`;
/*!40000 ALTER TABLE `teachers` DISABLE KEYS */;
INSERT INTO `teachers` (`id`, `full_name`) VALUES
	(1, 'A.Brożyna'),
	(2, 'D.Mierzejewski'),
	(3, 'J.Bracik'),
	(4, 'E.Mirecka'),
	(5, 'S.Wawrzoła'),
	(6, 'M.Gryz');
/*!40000 ALTER TABLE `teachers` ENABLE KEYS */;

-- Zrzut struktury tabela lessons_plans.users
DROP TABLE IF EXISTS `users`;
CREATE TABLE IF NOT EXISTS `users` (
  `id` int(10) unsigned NOT NULL AUTO_INCREMENT,
  `username` varchar(50) NOT NULL,
  `email` varchar(100) NOT NULL,
  `password` varchar(250) NOT NULL,
  `created_at` timestamp NOT NULL DEFAULT CURRENT_TIMESTAMP,
  PRIMARY KEY (`id`)
) ENGINE=InnoDB DEFAULT CHARSET=utf8mb4;

-- Zrzucanie danych dla tabeli lessons_plans.users: ~0 rows (około)
DELETE FROM `users`;
/*!40000 ALTER TABLE `users` DISABLE KEYS */;
/*!40000 ALTER TABLE `users` ENABLE KEYS */;

/*!40101 SET SQL_MODE=IFNULL(@OLD_SQL_MODE, '') */;
/*!40014 SET FOREIGN_KEY_CHECKS=IF(@OLD_FOREIGN_KEY_CHECKS IS NULL, 1, @OLD_FOREIGN_KEY_CHECKS) */;
/*!40101 SET CHARACTER_SET_CLIENT=@OLD_CHARACTER_SET_CLIENT */;
